{"stats":{"minecraft:dropped":{"minecraft:shield":2,"minecraft:oak_sapling":1,"minecraft:white_bed":1},"minecraft:picked_up":{"minecraft:crafting_table":2,"minecraft:raw_iron":3,"minecraft:brown_wool":1,"minecraft:leather":3,"minecraft:porkchop":10,"minecraft:oak_log":8,"minecraft:spruce_sapling":3,"minecraft:ink_sac":1,"minecraft:shield":1,"minecraft:spruce_log":19,"minecraft:dirt":28,"minecraft:beef":11,"minecraft:oak_sapling":1,"minecraft:sugar_cane":20,"minecraft:mutton":12,"minecraft:white_wool":6,"minecraft:cobblestone":43},"minecraft:mined":{"minecraft:large_fern":3,"minecraft:spruce_sapling":1,"minecraft:iron_ore":3,"minecraft:fire":3,"minecraft:spruce_log":19,"minecraft:crafting_table":2,"minecraft:grass":1,"minecraft:grass_block":6,"minecraft:oak_log":7,"minecraft:dirt":28,"minecraft:cobblestone":9,"minecraft:spruce_leaves":15,"minecraft:stone":36,"minecraft:sugar_cane":15,"minecraft:oak_leaves":4},"minecraft:killed":{"minecraft:sheep":7,"minecraft:pig":4,"minecraft:squid":1,"minecraft:cow":4},"minecraft:custom":{"minecraft:time_since_rest":14949,"minecraft:interact_with_furnace":9,"minecraft:sprint_one_cm":65918,"minecraft:damage_taken":205,"minecraft:walk_one_cm":51855,"minecraft:mob_kills":16,"minecraft:drop":4,"minecraft:damage_dealt":1560,"minecraft:swim_one_cm":5612,"minecraft:interact_with_crafting_table":12,"minecraft:fly_one_cm":80657,"minecraft:crouch_one_cm":9009,"minecraft:play_time":28557,"minecraft:sneak_time":3053,"minecraft:walk_under_water_one_cm":1715,"minecraft:jump":547,"minecraft:leave_game":3,"minecraft:time_since_death":28557,"minecraft:walk_on_water_one_cm":4599,"minecraft:sleep_in_bed":2,"minecraft:total_world_time":28557,"minecraft:fall_one_cm":11254},"minecraft:used":{"minecraft:cooked_mutton":4,"minecraft:stone_pickaxe":37,"minecraft:wooden_pickaxe":12,"minecraft:spruce_sapling":2,"minecraft:stone_axe":61,"minecraft:dirt":26,"minecraft:cobblestone":14,"minecraft:crafting_table":3,"minecraft:furnace":2,"minecraft:white_bed":1,"minecraft:spruce_log":1},"minecraft:crafted":{"minecraft:oak_planks":28,"minecraft:shield":2,"minecraft:crafting_table":2,"minecraft:spruce_planks":56,"minecraft:stick":12,"minecraft:wooden_pickaxe":1,"minecraft:iron_ingot":3,"minecraft:stone_pickaxe":1,"minecraft:stone_sword":1,"minecraft:furnace":2,"minecraft:white_bed":2,"minecraft:stone_axe":2,"minecraft:cooked_mutton":12,"minecraft:air":0}},"DataVersion":3465}