{"stats":{"minecraft:dropped":{"minecraft:cooked_mutton":2,"minecraft:white_bed":1,"minecraft:shield":2,"minecraft:oak_sapling":1},"minecraft:picked_up":{"minecraft:birch_log":1,"minecraft:crafting_table":3,"minecraft:leather":3,"minecraft:brown_wool":1,"minecraft:oak_log":8,"minecraft:shield":1,"minecraft:dirt":31,"minecraft:bone":2,"minecraft:bow":1,"minecraft:beef":11,"minecraft:sugar_cane":20,"minecraft:raw_iron":3,"minecraft:stick":1,"minecraft:porkchop":19,"minecraft:spruce_sapling":3,"minecraft:ink_sac":1,"minecraft:spruce_log":19,"minecraft:arrow":4,"minecraft:oak_sapling":1,"minecraft:mutton":12,"minecraft:coal":6,"minecraft:white_wool":6,"minecraft:cobblestone":47},"minecraft:mined":{"minecraft:crafting_table":3,"minecraft:grass_block":7,"minecraft:cobblestone":9,"minecraft:spruce_leaves":15,"minecraft:sugar_cane":15,"minecraft:large_fern":3,"minecraft:spruce_sapling":1,"minecraft:iron_ore":3,"minecraft:fire":3,"minecraft:spruce_log":19,"minecraft:grass":1,"minecraft:oak_log":7,"minecraft:coal_ore":3,"minecraft:dirt":30,"minecraft:stone":38,"minecraft:oak_leaves":4},"minecraft:killed":{"minecraft:pig":8,"minecraft:squid":1,"minecraft:sheep":7,"minecraft:skeleton":2,"minecraft:cow":4},"minecraft:custom":{"minecraft:interact_with_furnace":10,"minecraft:mob_kills":22,"minecraft:interact_with_crafting_table":13,"minecraft:leave_game":3,"minecraft:time_since_death":40557,"minecraft:sleep_in_bed":2,"minecraft:time_since_rest":26949,"minecraft:sprint_one_cm":107174,"minecraft:damage_taken":540,"minecraft:walk_one_cm":77278,"minecraft:damage_blocked_by_shield":585,"minecraft:drop":6,"minecraft:damage_dealt":2393,"minecraft:swim_one_cm":13658,"minecraft:fly_one_cm":118461,"minecraft:crouch_one_cm":9856,"minecraft:play_time":40557,"minecraft:sneak_time":3559,"minecraft:walk_under_water_one_cm":3489,"minecraft:jump":827,"minecraft:walk_on_water_one_cm":8185,"minecraft:total_world_time":40557,"minecraft:fall_one_cm":19725},"minecraft:used":{"minecraft:cooked_mutton":10,"minecraft:stone_sword":11,"minecraft:stone_pickaxe":42,"minecraft:wooden_pickaxe":12,"minecraft:shield":9,"minecraft:dirt":31,"minecraft:crafting_table":4,"minecraft:white_bed":1,"minecraft:spruce_log":1,"minecraft:spruce_sapling":2,"minecraft:stone_axe":67,"minecraft:cobblestone":20,"minecraft:furnace":3},"minecraft:crafted":{"minecraft:oak_planks":28,"minecraft:crafting_table":2,"minecraft:spruce_planks":56,"minecraft:wooden_pickaxe":1,"minecraft:furnace":2,"minecraft:stone_axe":2,"minecraft:cooked_mutton":12,"minecraft:air":0,"minecraft:shield":2,"minecraft:stick":12,"minecraft:iron_ingot":3,"minecraft:stone_pickaxe":1,"minecraft:stone_sword":1,"minecraft:white_bed":2}},"DataVersion":3465}