{"stats":{"minecraft:dropped":{"minecraft:oak_sapling":1},"minecraft:picked_up":{"minecraft:crafting_table":1,"minecraft:raw_iron":3,"minecraft:brown_wool":1,"minecraft:leather":3,"minecraft:porkchop":10,"minecraft:oak_log":7,"minecraft:spruce_sapling":1,"minecraft:spruce_log":9,"minecraft:dirt":11,"minecraft:beef":11,"minecraft:oak_sapling":1,"minecraft:sugar_cane":20,"minecraft:mutton":12,"minecraft:white_wool":6,"minecraft:cobblestone":36},"minecraft:mined":{"minecraft:large_fern":3,"minecraft:iron_ore":3,"minecraft:fire":1,"minecraft:spruce_log":9,"minecraft:crafting_table":1,"minecraft:grass":1,"minecraft:grass_block":3,"minecraft:oak_log":7,"minecraft:dirt":8,"minecraft:spruce_leaves":4,"minecraft:stone":36,"minecraft:sugar_cane":15,"minecraft:oak_leaves":4},"minecraft:killed":{"minecraft:sheep":7,"minecraft:pig":4,"minecraft:cow":4},"minecraft:custom":{"minecraft:time_since_rest":2949,"minecraft:interact_with_furnace":9,"minecraft:sprint_one_cm":48572,"minecraft:walk_one_cm":29575,"minecraft:mob_kills":15,"minecraft:drop":1,"minecraft:damage_dealt":1360,"minecraft:swim_one_cm":3273,"minecraft:interact_with_crafting_table":7,"minecraft:fly_one_cm":58946,"minecraft:crouch_one_cm":3287,"minecraft:play_time":16557,"minecraft:sneak_time":1161,"minecraft:walk_under_water_one_cm":1416,"minecraft:jump":376,"minecraft:leave_game":3,"minecraft:time_since_death":16557,"minecraft:walk_on_water_one_cm":2547,"minecraft:sleep_in_bed":2,"minecraft:total_world_time":16557,"minecraft:fall_one_cm":8350},"minecraft:used":{"minecraft:cooked_mutton":2,"minecraft:stone_pickaxe":28,"minecraft:wooden_pickaxe":12,"minecraft:spruce_sapling":1,"minecraft:stone_axe":45,"minecraft:cobblestone":3,"minecraft:crafting_table":2,"minecraft:furnace":2,"minecraft:white_bed":1,"minecraft:spruce_log":1},"minecraft:crafted":{"minecraft:oak_planks":28,"minecraft:crafting_table":1,"minecraft:spruce_planks":32,"minecraft:stick":12,"minecraft:wooden_pickaxe":1,"minecraft:iron_ingot":3,"minecraft:stone_pickaxe":1,"minecraft:stone_sword":1,"minecraft:furnace":2,"minecraft:white_bed":1,"minecraft:stone_axe":2,"minecraft:cooked_mutton":12,"minecraft:air":0}},"DataVersion":3465}