{"stats":{"minecraft:dropped":{"minecraft:cooked_mutton":2,"minecraft:white_bed":1,"minecraft:shield":2,"minecraft:oak_sapling":1},"minecraft:picked_up":{"minecraft:birch_log":1,"minecraft:crafting_table":3,"minecraft:leather":3,"minecraft:brown_wool":2,"minecraft:oak_log":8,"minecraft:shield":1,"minecraft:dirt":31,"minecraft:bone":2,"minecraft:bow":1,"minecraft:beef":11,"minecraft:sugar_cane":25,"minecraft:furnace":1,"minecraft:raw_iron":18,"minecraft:stick":1,"minecraft:porkchop":27,"minecraft:spruce_sapling":3,"minecraft:ink_sac":1,"minecraft:white_bed":1,"minecraft:spruce_log":19,"minecraft:arrow":4,"minecraft:oak_sapling":1,"minecraft:black_wool":1,"minecraft:mutton":18,"minecraft:coal":14,"minecraft:white_wool":8,"minecraft:cobblestone":49},"minecraft:mined":{"minecraft:crafting_table":3,"minecraft:grass_block":7,"minecraft:cobblestone":9,"minecraft:spruce_leaves":15,"minecraft:sugar_cane":19,"minecraft:large_fern":3,"minecraft:spruce_sapling":1,"minecraft:furnace":1,"minecraft:iron_ore":18,"minecraft:fire":3,"minecraft:spruce_log":19,"minecraft:grass":1,"minecraft:oak_log":7,"minecraft:coal_ore":9,"minecraft:dirt":30,"minecraft:stone":42,"minecraft:oak_leaves":4},"minecraft:killed":{"minecraft:pig":9,"minecraft:squid":1,"minecraft:sheep":10,"minecraft:skeleton":2,"minecraft:cow":4},"minecraft:custom":{"minecraft:interact_with_furnace":19,"minecraft:mob_kills":28,"minecraft:interact_with_crafting_table":13,"minecraft:leave_game":3,"minecraft:time_since_death":52557,"minecraft:sleep_in_bed":2,"minecraft:time_since_rest":38949,"minecraft:sprint_one_cm":135082,"minecraft:damage_taken":720,"minecraft:walk_one_cm":112199,"minecraft:damage_blocked_by_shield":585,"minecraft:drop":6,"minecraft:damage_dealt":2743,"minecraft:swim_one_cm":14551,"minecraft:fly_one_cm":143732,"minecraft:crouch_one_cm":12040,"minecraft:play_time":52557,"minecraft:sneak_time":4385,"minecraft:walk_under_water_one_cm":7526,"minecraft:jump":1050,"minecraft:walk_on_water_one_cm":10006,"minecraft:total_world_time":52557,"minecraft:fall_one_cm":27109},"minecraft:used":{"minecraft:cooked_mutton":10,"minecraft:stone_sword":15,"minecraft:stone_pickaxe":68,"minecraft:wooden_pickaxe":12,"minecraft:shield":9,"minecraft:dirt":31,"minecraft:crafting_table":4,"minecraft:white_bed":2,"minecraft:spruce_log":1,"minecraft:spruce_sapling":2,"minecraft:stone_axe":73,"minecraft:cobblestone":21,"minecraft:furnace":3,"minecraft:cooked_porkchop":2},"minecraft:crafted":{"minecraft:oak_planks":28,"minecraft:cooked_porkchop":9,"minecraft:crafting_table":2,"minecraft:spruce_planks":56,"minecraft:wooden_pickaxe":1,"minecraft:furnace":2,"minecraft:stone_axe":2,"minecraft:cooked_mutton":12,"minecraft:air":0,"minecraft:shield":2,"minecraft:stick":12,"minecraft:iron_ingot":3,"minecraft:stone_pickaxe":1,"minecraft:stone_sword":1,"minecraft:white_bed":2}},"DataVersion":3465}