{"stats":{"minecraft:picked_up":{"minecraft:oak_log":3,"minecraft:white_bed":1,"minecraft:shield":1,"minecraft:oak_planks":12,"minecraft:dirt":4,"minecraft:cobblestone":2},"minecraft:dropped":{"minecraft:oak_planks":12},"minecraft:mined":{"minecraft:grass_block":1,"minecraft:oak_log":5,"minecraft:oak_leaves":1},"minecraft:custom":{"minecraft:time_since_rest":5756,"minecraft:play_time":5756,"minecraft:sprint_one_cm":3210,"minecraft:damage_taken":10,"minecraft:walk_one_cm":11727,"minecraft:drop":1,"minecraft:jump":70,"minecraft:damage_dealt":75,"minecraft:leave_game":1,"minecraft:time_since_death":5756,"minecraft:total_world_time":5756,"minecraft:fall_one_cm":209,"minecraft:fly_one_cm":1937},"minecraft:used":{"minecraft:cobblestone":1},"minecraft:crafted":{"minecraft:oak_planks":12}},"DataVersion":3465}