{"stats":{"minecraft:dropped":{"minecraft:oak_planks":12},"minecraft:picked_up":{"minecraft:birch_log":29,"minecraft:stick":1,"minecraft:crafting_table":2,"minecraft:oak_log":7,"minecraft:white_bed":3,"minecraft:shield":1,"minecraft:dirt":4,"minecraft:cooked_mutton":2,"minecraft:bone":1,"minecraft:arrow":1,"minecraft:oak_planks":12,"minecraft:coal":41,"minecraft:cobblestone":35},"minecraft:mined":{"minecraft:white_bed":2,"minecraft:birch_log":30,"minecraft:birch_leaves":2,"minecraft:crafting_table":2,"minecraft:oak_log":9,"minecraft:grass_block":2,"minecraft:coal_ore":44,"minecraft:stone":36,"minecraft:oak_leaves":4},"minecraft:killed":{"minecraft:skeleton":2},"minecraft:custom":{"minecraft:time_since_rest":406,"minecraft:interact_with_furnace":11,"minecraft:sprint_one_cm":23662,"minecraft:damage_taken":440,"minecraft:walk_one_cm":54468,"minecraft:damage_blocked_by_shield":240,"minecraft:mob_kills":2,"minecraft:drop":1,"minecraft:damage_dealt":344,"minecraft:swim_one_cm":3908,"minecraft:interact_with_crafting_table":12,"minecraft:fly_one_cm":16197,"minecraft:play_time":22821,"minecraft:deaths":1,"minecraft:sneak_time":2,"minecraft:walk_under_water_one_cm":2944,"minecraft:jump":315,"minecraft:leave_game":2,"minecraft:time_since_death":374,"minecraft:walk_on_water_one_cm":2915,"minecraft:total_world_time":22821,"minecraft:fall_one_cm":7751},"minecraft:used":{"minecraft:cooked_mutton":1,"minecraft:wooden_axe":2,"minecraft:stone_pickaxe":54,"minecraft:shield":4,"minecraft:wooden_pickaxe":27,"minecraft:stone_axe":42,"minecraft:cobblestone":20,"minecraft:crafting_table":2,"minecraft:cooked_porkchop":1,"minecraft:white_bed":1},"minecraft:crafted":{"minecraft:oak_planks":28,"minecraft:cooked_porkchop":5,"minecraft:crafting_table":1,"minecraft:stick":12,"minecraft:wooden_pickaxe":1,"minecraft:stone_pickaxe":1,"minecraft:wooden_axe":1,"minecraft:stone_axe":1,"minecraft:air":0}},"DataVersion":3465}