{"stats":{"minecraft:dropped":{"minecraft:oak_planks":12},"minecraft:picked_up":{"minecraft:wooden_axe":1,"minecraft:birch_log":58,"minecraft:crafting_table":3,"minecraft:stick":6,"minecraft:cooked_porkchop":4,"minecraft:wooden_pickaxe":2,"minecraft:oak_log":7,"minecraft:white_bed":4,"minecraft:shield":2,"minecraft:dirt":8,"minecraft:cooked_mutton":3,"minecraft:arrow":3,"minecraft:bone":2,"minecraft:stone_axe":2,"minecraft:stone_pickaxe":2,"minecraft:oak_planks":24,"minecraft:coal":82,"minecraft:cobblestone":53},"minecraft:mined":{"minecraft:white_bed":2,"minecraft:birch_log":30,"minecraft:birch_leaves":2,"minecraft:crafting_table":2,"minecraft:grass_block":2,"minecraft:oak_log":9,"minecraft:coal_ore":44,"minecraft:stone":36,"minecraft:oak_leaves":4},"minecraft:killed_by":{"minecraft:skeleton":2},"minecraft:killed":{"minecraft:skeleton":2},"minecraft:custom":{"minecraft:time_since_rest":490,"minecraft:interact_with_furnace":11,"minecraft:sprint_one_cm":33215,"minecraft:damage_taken":970,"minecraft:walk_one_cm":75991,"minecraft:damage_blocked_by_shield":390,"minecraft:mob_kills":3,"minecraft:drop":1,"minecraft:damage_dealt":344,"minecraft:swim_one_cm":3908,"minecraft:interact_with_crafting_table":12,"minecraft:fly_one_cm":23002,"minecraft:play_time":29704,"minecraft:deaths":3,"minecraft:sneak_time":30,"minecraft:walk_under_water_one_cm":6308,"minecraft:jump":392,"minecraft:leave_game":4,"minecraft:time_since_death":453,"minecraft:walk_on_water_one_cm":14642,"minecraft:total_world_time":29704,"minecraft:fall_one_cm":9939},"minecraft:used":{"minecraft:cooked_mutton":1,"minecraft:wooden_axe":2,"minecraft:stone_pickaxe":54,"minecraft:wooden_pickaxe":27,"minecraft:shield":7,"minecraft:stone_axe":42,"minecraft:cobblestone":24,"minecraft:crafting_table":2,"minecraft:cooked_porkchop":1,"minecraft:white_bed":1},"minecraft:crafted":{"minecraft:oak_planks":28,"minecraft:cooked_porkchop":5,"minecraft:crafting_table":1,"minecraft:stick":12,"minecraft:wooden_pickaxe":1,"minecraft:stone_pickaxe":1,"minecraft:wooden_axe":1,"minecraft:stone_axe":1,"minecraft:air":0}},"DataVersion":3465}